<?xml version="1.0" encoding="UTF-8"?>
<project-private xmlns="http://www.netbeans.org/ns/project-private/1">
    <editor-bookmarks xmlns="http://www.netbeans.org/ns/editor-bookmarks/2" lastBookmarkId="0"/>
    <open-files xmlns="http://www.netbeans.org/ns/projectui-open-files/2">
        <group>
            <file>file:/D:/Users/ujju/project/student/src/login.java</file>
            <file>file:/D:/Users/ujju/project/student/src/viewCourses.java</file>
            <file>file:/D:/Users/ujju/project/student/src/showCourse.java</file>
            <file>file:/D:/Users/ujju/project/student/src/courseAdd.java</file>
            <file>file:/D:/Users/ujju/project/student/src/courseReg.java</file>
            <file>file:/D:/Users/ujju/project/student/src/courseOp.java</file>
        </group>
    </open-files>
</project-private>
